{
    "VEH_001": {
        "lt_mean": 99.71696104078653,
        "lt_var": 26.204517011739874,
        "total_samples": 140300
    }
}