{
    "VEH_001": {
        "lt_mean": 50.41758671174162,
        "lt_var": 20.70496058800074,
        "total_samples": 203347
    }
}